createdAt,updatedAt,deletedAt,id,name,slug,description,content,thumbnail,status,mpath,parentItemId
2020-07-07 03:30:01.094212,2020-07-07 03:30:01.094212,,1,New Zealand,new-zealand,Eos minima ex odit ex sit. Consequatur sed accusamus consequatur aut. Qui ullam molestiae accusamus voluptatem enim. Tempora praesentium dignissimos et commodi doloremque quidem qui ab.,"Voluptatem dolores qui tempora non sed explicabo quo et. Aspernatur corrupti cumque qui quod vero. Sed ex ullam fuga. Est hic corporis et nihil. Est velit et ut voluptas facere iusto iure incidunt rerum.
 
Cum at et similique. Quia voluptatum et voluptates. Numquam eum vitae. Et est esse sequi dolore est eos praesentium. Voluptatem est qui totam dolorem.
 
Dolorem quia sunt odio non aut quasi rem blanditiis officiis. Odit tenetur in earum. Cupiditate beatae iure unde. Minima qui aliquam debitis sapiente maxime.",http://lorempixel.com/640/480,DRAFT,1.,
2020-07-07 03:30:01.107585,2020-07-07 03:30:01.107585,,2,Kiribati,kiribati,Maxime iusto est. Ut quaerat autem exercitationem culpa ut. Ut ut qui accusantium veritatis laboriosam ipsam recusandae iste ab.,"Ut et eligendi et autem ipsum consequatur praesentium. Voluptas a adipisci laboriosam a. Sunt excepturi possimus soluta reiciendis nihil error. Corrupti necessitatibus ea et et. Iste praesentium dolorem omnis.
 
Odio id at assumenda. Nobis sit ad consequuntur iusto a est et. Consectetur excepturi nisi atque sed modi cum quia consectetur. Culpa voluptate tenetur quo voluptatibus repudiandae enim molestiae. Praesentium quaerat amet numquam reiciendis iure.
 
Necessitatibus et non consequatur. In aliquam et perspiciatis nulla enim tempore cupiditate dolores illo. Quia officiis ipsam aut. Architecto accusantium nobis sit earum dolorem non iure sunt.",http://lorempixel.com/640/480,ACTIVE,2.,
2020-07-07 03:30:01.115943,2020-07-07 03:30:01.115943,,3,French Southern Territories,french-southern-territories,Dolorem at nisi amet nam et minus. Voluptate omnis nesciunt animi culpa distinctio facilis voluptatem quaerat. Vitae minima voluptas ut vel voluptatem qui harum quae. Et in odio. Cupiditate eos dolores quidem quaerat explicabo optio.,"Maiores quia velit accusantium in sunt facere in. Rerum laboriosam sint velit dolor et. Dolore est et possimus et cumque facilis omnis. Molestiae architecto dolorem. Ea a voluptas officia. Aut consequuntur sed magni sunt repudiandae id aut est.
 
Molestias cupiditate natus blanditiis pariatur in consequatur. Eveniet a explicabo eaque earum quis. Sint et et dolores architecto ipsum vel dolorem. Qui voluptas sint sed quam officiis at enim. Quae tempora optio odit repellat rerum neque rem velit eius.
 
Et minima rerum placeat ipsam. Velit est molestiae iste. Quidem qui adipisci. Sit ullam necessitatibus dignissimos corrupti ipsum est rerum. Ea ducimus voluptatem aspernatur distinctio itaque quas est.",http://lorempixel.com/640/480,DRAFT,3.,
2020-07-07 03:30:01.121288,2020-07-07 03:30:01.121288,,4,Dominican Republic,dominican-republic,Qui sed magnam officia voluptas impedit voluptates officiis minus. Nostrum eos ex corporis cum. Optio voluptates atque ut sequi non incidunt fugit veritatis. Unde consequuntur beatae corrupti modi. A nostrum incidunt eos rerum repellendus. Reiciendis id officiis eum non qui hic illum quidem.,"Officia cum et. Ut aut doloribus. Odit rem voluptas. Cumque fugiat porro cupiditate ut quo hic id eum perspiciatis. Sed sint ex hic.
 
Est eos qui est similique. Provident ad molestiae eos fugiat pariatur atque. Voluptatem tempore et in.
 
Quam nemo aut et sint consequatur ad quod earum. Omnis molestiae quae et impedit quo. Quae commodi ratione neque harum. Enim et suscipit maxime est velit quibusdam.",http://lorempixel.com/640/480,ACTIVE,4.,
2020-07-07 03:30:01.127935,2020-07-07 03:30:01.127935,,5,South Africa,south-africa,Vel sint accusantium labore rerum laudantium quos reprehenderit. Dolore mollitia earum suscipit modi qui eos non adipisci ipsam. Placeat labore numquam consequatur non saepe quia aut ut. Illo vel dolor. Enim corporis vel nemo omnis deserunt qui soluta ut.,"Explicabo corrupti voluptas itaque in et atque est. Alias quo laborum molestiae recusandae. Dolores consequatur est occaecati.
 
Perferendis necessitatibus molestiae. Qui dicta ut. Ipsa tempore natus aut eius at temporibus sint quo. Aut culpa nemo corporis. Autem ea eum. Ea ducimus blanditiis soluta aut assumenda voluptatem quibusdam corporis.
 
Nihil tenetur perspiciatis libero occaecati exercitationem repellat tempore. Ullam vitae rem illum dolor maiores quae ad velit sed. Beatae at sequi officiis. Assumenda et dignissimos mollitia aperiam. Autem explicabo officiis consequuntur natus. Sit dolor natus placeat est libero.",http://lorempixel.com/640/480,ACTIVE,5.,
2020-07-07 03:30:01.143087,2020-07-07 03:30:01.143087,,6,Costa Rica,costa-rica,Non voluptas quasi et dolor sunt. Error eos modi aut. Praesentium qui recusandae. Incidunt cumque ea et et minima et odit. Id consectetur nulla suscipit voluptates error.,"Veniam qui ut itaque odio. Sunt voluptate est esse vitae et exercitationem. Saepe et fuga magni dolor minus. Inventore tenetur voluptas voluptatem sunt est odio natus. Sit facere omnis animi quae velit perferendis et similique praesentium. Quidem omnis voluptatem itaque tempora nihil aut.
 
Rerum atque quisquam eum dolorum molestias numquam alias tempore assumenda. Adipisci dolorem velit ipsam cupiditate. Quia et maxime architecto exercitationem sunt molestiae quis at adipisci.
 
Doloremque eum consequatur. Qui reiciendis quae modi ut similique nobis quia nostrum. Rerum itaque numquam ut dolorem saepe beatae nisi iure sint. Impedit odio soluta id nihil totam deserunt voluptas non. Praesentium illo aut quos aut laboriosam sunt necessitatibus eaque. Quia magnam exercitationem earum maxime in.",http://lorempixel.com/640/480,ACTIVE,4.6.,4
2020-07-07 03:30:01.15508,2020-07-07 03:30:01.15508,,7,Barbados,barbados,Beatae sit recusandae facilis maiores rerum debitis. Dolorum quia nemo provident assumenda sed nulla dolorum. Facere ut aspernatur et sequi accusamus rerum.,"Maxime est et aliquid sunt. Iusto mollitia ipsam ipsa delectus sequi doloribus ea inventore. Magni esse nobis ut ut dolorum. Voluptates magnam rerum libero ullam aut quaerat voluptas et saepe.
 
Molestias architecto ut et et qui molestiae. Rerum animi sint nostrum et qui. Possimus eveniet molestiae voluptas iste unde autem quas et.
 
Sint consequatur repudiandae dolorem voluptatem suscipit nam. In aliquid rem sint earum nisi officia et aut. Sit iure blanditiis amet exercitationem unde omnis. Est iure nemo deserunt autem.",http://lorempixel.com/640/480,ACTIVE,2.7.,2
2020-07-07 03:30:01.16406,2020-07-07 03:30:01.16406,,8,Egypt,egypt,Sed quo nihil deleniti ipsa. Qui vel hic id. Eaque expedita ut. Est at rerum ab eius quia nulla.,"Et minus rerum amet deserunt qui incidunt ea impedit. Molestiae eos nihil accusamus numquam. Voluptatem eaque sit ratione quod explicabo. Repellat facere voluptatem reprehenderit. Et sit qui dolor.
 
Dolores consequatur neque debitis. Modi et autem sint delectus qui et voluptatibus aspernatur sit. Vitae excepturi repellat maiores eos debitis. Et explicabo quisquam dolorem. Aperiam possimus illo ut eveniet in eum. Autem exercitationem id dolores ducimus qui dolores voluptas.
 
Reiciendis non consequuntur sunt occaecati non quidem aut quibusdam. Cumque voluptas sint vero eveniet veritatis laborum pariatur. Iusto quod quibusdam omnis et unde provident.",http://lorempixel.com/640/480,ACTIVE,2.8.,2
2020-07-07 03:30:01.173453,2020-07-07 03:30:01.173453,,9,Swaziland,swaziland,Sunt ut voluptatem non. Dolore sint fugiat soluta maiores amet eum. Perspiciatis cum mollitia. Voluptatem sint sit ratione tenetur amet qui odio ut id. Quaerat quam dolorem.,"Impedit aliquam consectetur dolorem praesentium sit ad praesentium cupiditate aperiam. Reiciendis beatae quo voluptatem natus ipsum voluptatem eum illum. Quae quia blanditiis eligendi repellat sapiente. Odit ut voluptatem consequuntur debitis enim consequatur. Et non recusandae.
 
Minima dolorem quae voluptatem sed ipsa aspernatur consectetur amet unde. Esse eum eligendi tempora unde. Vel cumque omnis et quibusdam. Et ea modi. Voluptate ea aliquam molestias velit. Corporis soluta possimus beatae hic iure illo dolores.
 
Nobis possimus ad reiciendis voluptas vel eos qui. Dolorem minus et quibusdam saepe cumque est. Saepe voluptatem voluptatum ea consequuntur. Ut ut temporibus placeat. Aut accusamus pariatur perferendis expedita earum. Eos similique vitae perspiciatis sint.",http://lorempixel.com/640/480,DRAFT,1.9.,1
2020-07-07 03:30:01.180461,2020-07-07 03:30:01.180461,,10,Monaco,monaco,Quod ea accusantium a tempora nobis. Eos ad dicta quia sit. Asperiores et eum voluptas mollitia enim ad facilis. Quis est minus similique fugit animi quasi sed temporibus.,"Est praesentium est. Aut et veniam qui dolor incidunt. Quaerat nihil mollitia. Rerum eaque dignissimos mollitia similique voluptatibus tenetur quia voluptas alias.
 
Aut in rerum. Aut explicabo magni non iste quidem magni assumenda velit. Sit est autem ea et at voluptate ut.
 
Sapiente eligendi debitis autem fugit rem ex autem cumque. Asperiores veniam et blanditiis ad omnis. Soluta at et praesentium laboriosam ipsa aliquam laudantium ut illum.",http://lorempixel.com/640/480,ACTIVE,5.10.,5
2020-07-07 03:30:01.230309,2020-07-07 03:30:01.230309,,11,Comoros,comoros,Nostrum nostrum velit maiores molestias. Sit corrupti modi fugiat. Et et quos quasi. At quas tempora sint est labore odit omnis. Amet eaque dicta cumque.,"Nostrum ut facilis nobis voluptatibus. Odit possimus voluptatibus voluptatem est. Et sunt quae quo molestias numquam iste enim. Ipsam ut eius vero quisquam quis temporibus officia perferendis voluptas. Illum sed impedit. Qui at dolores culpa eligendi quisquam ex est.
 
Sint ipsa culpa est. Voluptatem fugiat iste at nulla debitis harum qui neque ut. Quod nihil suscipit qui reprehenderit. Dolores sint natus libero.
 
Voluptate quia voluptas dolor voluptatem laudantium voluptatem voluptas velit asperiores. Placeat at ducimus dignissimos sunt labore corporis molestias mollitia. Libero et velit dolorem dolore rerum. Aut at fugiat aperiam dolorem. Et suscipit mollitia. Explicabo enim dolorum sunt sit id enim odio maxime.",http://lorempixel.com/640/480,ACTIVE,5.10.11.,10
2020-07-07 03:30:01.239154,2020-07-07 03:30:01.239154,,12,Anguilla,anguilla,Fugiat repellat maxime tempora porro qui distinctio et. Nisi quia illum consequuntur atque consectetur sed totam. Accusantium perspiciatis sequi perspiciatis.,"Deleniti ut voluptatem. Unde id impedit dolor numquam laudantium maiores veritatis. Animi est est iure maxime aut dolor velit provident quae.
 
Sunt et ad. Eum qui et at sapiente libero voluptas architecto voluptatem adipisci. Vero molestiae omnis fugit. Maxime sunt quasi enim id cupiditate dolorum in ut accusamus.
 
Dicta quibusdam blanditiis. Et vero consequatur. Porro repellendus reiciendis. Facilis dicta quod dolor repudiandae perferendis dolore. Omnis iure nam. Atque repellendus enim qui ut officiis veniam quas sint.",http://lorempixel.com/640/480,ACTIVE,2.8.12.,8
2020-07-07 03:30:01.255552,2020-07-07 03:30:01.255552,,13,Tuvalu,tuvalu,Quo ut ipsam perferendis nisi voluptas et non temporibus. Aperiam laboriosam vero est delectus voluptatum. Repellendus quibusdam cupiditate voluptatem maxime et aut. Sit voluptatem ex exercitationem sit magni et minus dolore. Fugiat vel mollitia repellendus ut blanditiis facilis. Non omnis omnis autem et quo nemo.,"Aperiam nemo totam provident et autem sit fuga cupiditate vel. Laudantium voluptas ex non cupiditate ut libero. Laboriosam aut sit et totam sint eveniet unde nulla. Et distinctio explicabo ut natus dolorem consectetur enim fugit earum. Vitae ut quis et incidunt perferendis consectetur dolorem est.
 
Numquam fuga autem. Maxime beatae similique ut mollitia labore quibusdam sed aut fugit. Aliquam molestias dicta sint voluptate vel aspernatur quam deleniti architecto.
 
Et omnis vel dolores. Doloremque enim amet maxime nemo harum. Fuga possimus quia. Assumenda aperiam optio vero.",http://lorempixel.com/640/480,ACTIVE,1.13.,1
2020-07-07 03:30:01.272608,2020-07-07 03:30:01.272608,,14,Pitcairn Islands,pitcairn-islands,Voluptatem similique repudiandae accusantium id. Id sed veniam explicabo nemo quam. Quia quia aut porro aut rerum aliquam voluptate facilis veniam.,"Eligendi dolorem omnis odit quae aperiam saepe mollitia repellendus cupiditate. Et et quos assumenda. Temporibus sunt laudantium in. Dolore consectetur eveniet id eum vero voluptatem.
 
Eos ex perspiciatis est ut. Ut est nihil ipsam. Ut impedit magni minima aliquid esse. Ducimus qui consequatur in fugiat. Ea aliquid nulla.
 
Quia assumenda repellat quaerat sint hic tenetur beatae laboriosam. Autem eum voluptates tempora aut et qui voluptate vel qui. Cumque et veritatis et. Voluptatem illum dolores dignissimos dolores enim quaerat laboriosam perspiciatis. Porro dolores laborum quo quam necessitatibus ut molestias odio.",http://lorempixel.com/640/480,DRAFT,4.6.14.,6
2020-07-07 03:30:01.287391,2020-07-07 03:30:01.287391,,15,New Caledonia,new-caledonia,Recusandae et et consequuntur facere animi aspernatur aut. Assumenda est sed dolorem magni aspernatur officia aperiam vero. Eos ea et necessitatibus eius molestiae qui doloremque est deserunt. Et aliquid eveniet possimus ut minima iusto dolores laboriosam.,"Officiis sapiente pariatur. Maiores veritatis aliquid nihil ut veritatis. Quo cum laborum.
 
Quia facere nemo quo ipsam quidem. Doloribus minus sint porro est ea repudiandae voluptas similique. Sequi et corporis nostrum rem facilis non dolorem expedita autem. Nobis nisi voluptate incidunt eligendi quod earum sunt. Alias itaque ad possimus in eum minus qui sed laboriosam. Omnis dolores quia repellat expedita consequuntur recusandae.
 
Quos quod beatae corrupti harum. Dolorem voluptate exercitationem quia quibusdam ut officia corrupti. Nisi labore voluptates eveniet omnis voluptate quidem. Assumenda tempore consequatur fugit voluptates sit est dolor praesentium odit. Odit voluptas laboriosam.",http://lorempixel.com/640/480,ACTIVE,4.15.,4
